Radio-Frecuencias (RF -> ppm -> PWM): 500 m hasta 1.5 km (Tiene una potencia de transmisión y sensibilidad superior para distancias largas),"ESP - NOW: 80 mA a 150 mA (Corriente promedio baja, para mandos que solo transmiten ante cambios de estado o en intervalos definidos)",ESP - NOW: (La velocidad de comunicación es asíncrona; el sistema responde al evento en el momento exacto en que este ocurre),"Radio-Frecuencias (RF -> ppm -> PWM): Integran la electrónica, los controles y la antena en un solo bloque. El armado se limita a la conexión del receptor en el sistema de destino.","Radio-Frecuencias (RF -> ppm -> PWM): El sistema permite el uso de antenas externas de mayor envergadura, lo que facilita la captación de la señal portadora en entornos con alta dispersión atmosférica o salinidad","Radio-Frecuencias (RF -> ppm -> PWM): El control emplea hardware comercial estandarizado, diseñado para la interacción directa del usuario con mandos ergonómicos industriales.",Radio-Frecuencias (RF -> ppm -> PWM): Enlace mediante ondas de radio diseñadas para la difracción. La señal portadora permite rodear o atravesar obstáculos con menor pérdida de sincronía
Radio-Frecuencias (RF -> ppm -> PWM): 500 m hasta 1.5 km (Tiene una potencia de transmisión y sensibilidad superior para distancias largas),"Radio-Frecuencias (RF -> ppm -> PWM): 100 mA a 300 mA (Demanda de corriente estable, diseñada para sistemas donde la prioridad es la persistencia del mando sobre el ahorro energético)",Radio-Frecuencias (RF -> ppm -> PWM): (La velocidad de comunicación es cíclica; la ejecución de la orden está supeditada al ritmo de repetición del protocolo de radio seleccionado.),"Radio-Frecuencias (RF -> ppm -> PWM): Integran la electrónica, los controles y la antena en un solo bloque. El armado se limita a la conexión del receptor en el sistema de destino.","Radio-Frecuencias (RF -> ppm -> PWM): El sistema permite el uso de antenas externas de mayor envergadura, lo que facilita la captación de la señal portadora en entornos con alta dispersión atmosférica o salinidad","Radio-Frecuencias (RF -> ppm -> PWM): El control emplea hardware comercial estandarizado, diseñado para la interacción directa del usuario con mandos ergonómicos industriales.",Radio-Frecuencias (RF -> ppm -> PWM): Enlace mediante ondas de radio diseñadas para la difracción. La señal portadora permite rodear o atravesar obstáculos con menor pérdida de sincronía
Radio-Frecuencias (RF -> ppm -> PWM): 500 m hasta 1.5 km (Tiene una potencia de transmisión y sensibilidad superior para distancias largas),"ESP - NOW: 80 mA a 150 mA (Corriente promedio baja, para mandos que solo transmiten ante cambios de estado o en intervalos definidos)",Radio-Frecuencias (RF -> ppm -> PWM): (La velocidad de comunicación es cíclica; la ejecución de la orden está supeditada al ritmo de repetición del protocolo de radio seleccionado.),"Radio-Frecuencias (RF -> ppm -> PWM): Integran la electrónica, los controles y la antena en un solo bloque. El armado se limita a la conexión del receptor en el sistema de destino.","Radio-Frecuencias (RF -> ppm -> PWM): El sistema permite el uso de antenas externas de mayor envergadura, lo que facilita la captación de la señal portadora en entornos con alta dispersión atmosférica o salinidad",ESP - NOW: El control se basa en la implementación de software personalizado sobre una arquitectura de hardware abierta y compacta.,Radio-Frecuencias (RF -> ppm -> PWM): Enlace mediante ondas de radio diseñadas para la difracción. La señal portadora permite rodear o atravesar obstáculos con menor pérdida de sincronía
Radio-Frecuencias (RF -> ppm -> PWM): 500 m hasta 1.5 km (Tiene una potencia de transmisión y sensibilidad superior para distancias largas),"Radio-Frecuencias (RF -> ppm -> PWM): 100 mA a 300 mA (Demanda de corriente estable, diseñada para sistemas donde la prioridad es la persistencia del mando sobre el ahorro energético)",ESP - NOW: (La velocidad de comunicación es asíncrona; el sistema responde al evento en el momento exacto en que este ocurre),"Radio-Frecuencias (RF -> ppm -> PWM): Integran la electrónica, los controles y la antena en un solo bloque. El armado se limita a la conexión del receptor en el sistema de destino.","Radio-Frecuencias (RF -> ppm -> PWM): El sistema permite el uso de antenas externas de mayor envergadura, lo que facilita la captación de la señal portadora en entornos con alta dispersión atmosférica o salinidad","Radio-Frecuencias (RF -> ppm -> PWM): El control emplea hardware comercial estandarizado, diseñado para la interacción directa del usuario con mandos ergonómicos industriales.",Radio-Frecuencias (RF -> ppm -> PWM): Enlace mediante ondas de radio diseñadas para la difracción. La señal portadora permite rodear o atravesar obstáculos con menor pérdida de sincronía
Radio-Frecuencias (RF -> ppm -> PWM): 500 m hasta 1.5 km (Tiene una potencia de transmisión y sensibilidad superior para distancias largas),"Radio-Frecuencias (RF -> ppm -> PWM): 100 mA a 300 mA (Demanda de corriente estable, diseñada para sistemas donde la prioridad es la persistencia del mando sobre el ahorro energético)",ESP - NOW: (La velocidad de comunicación es asíncrona; el sistema responde al evento en el momento exacto en que este ocurre),"Radio-Frecuencias (RF -> ppm -> PWM): Integran la electrónica, los controles y la antena en un solo bloque. El armado se limita a la conexión del receptor en el sistema de destino.","Radio-Frecuencias (RF -> ppm -> PWM): El sistema permite el uso de antenas externas de mayor envergadura, lo que facilita la captación de la señal portadora en entornos con alta dispersión atmosférica o salinidad","Radio-Frecuencias (RF -> ppm -> PWM): El control emplea hardware comercial estandarizado, diseñado para la interacción directa del usuario con mandos ergonómicos industriales.",Radio-Frecuencias (RF -> ppm -> PWM): Enlace mediante ondas de radio diseñadas para la difracción. La señal portadora permite rodear o atravesar obstáculos con menor pérdida de sincronía
Radio-Frecuencias (RF -> ppm -> PWM): 500 m hasta 1.5 km (Tiene una potencia de transmisión y sensibilidad superior para distancias largas),"Radio-Frecuencias (RF -> ppm -> PWM): 100 mA a 300 mA (Demanda de corriente estable, diseñada para sistemas donde la prioridad es la persistencia del mando sobre el ahorro energético)",ESP - NOW: (La velocidad de comunicación es asíncrona; el sistema responde al evento en el momento exacto en que este ocurre),"Radio-Frecuencias (RF -> ppm -> PWM): Integran la electrónica, los controles y la antena en un solo bloque. El armado se limita a la conexión del receptor en el sistema de destino.","Radio-Frecuencias (RF -> ppm -> PWM): El sistema permite el uso de antenas externas de mayor envergadura, lo que facilita la captación de la señal portadora en entornos con alta dispersión atmosférica o salinidad","Radio-Frecuencias (RF -> ppm -> PWM): El control emplea hardware comercial estandarizado, diseñado para la interacción directa del usuario con mandos ergonómicos industriales.",ESP - NOW: Enlace digital basado en la banda de 2.4 GHz. Requiere una trayectoria predominantemente despejada para evitar la pérdida de paquetes de datos.
Radio-Frecuencias (RF -> ppm -> PWM): 500 m hasta 1.5 km (Tiene una potencia de transmisión y sensibilidad superior para distancias largas),"Radio-Frecuencias (RF -> ppm -> PWM): 100 mA a 300 mA (Demanda de corriente estable, diseñada para sistemas donde la prioridad es la persistencia del mando sobre el ahorro energético)",Radio-Frecuencias (RF -> ppm -> PWM): (La velocidad de comunicación es cíclica; la ejecución de la orden está supeditada al ritmo de repetición del protocolo de radio seleccionado.),"Radio-Frecuencias (RF -> ppm -> PWM): Integran la electrónica, los controles y la antena en un solo bloque. El armado se limita a la conexión del receptor en el sistema de destino.","Radio-Frecuencias (RF -> ppm -> PWM): El sistema permite el uso de antenas externas de mayor envergadura, lo que facilita la captación de la señal portadora en entornos con alta dispersión atmosférica o salinidad",ESP - NOW: El control se basa en la implementación de software personalizado sobre una arquitectura de hardware abierta y compacta.,Radio-Frecuencias (RF -> ppm -> PWM): Enlace mediante ondas de radio diseñadas para la difracción. La señal portadora permite rodear o atravesar obstáculos con menor pérdida de sincronía
Radio-Frecuencias (RF -> ppm -> PWM): 500 m hasta 1.5 km (Tiene una potencia de transmisión y sensibilidad superior para distancias largas),"Radio-Frecuencias (RF -> ppm -> PWM): 100 mA a 300 mA (Demanda de corriente estable, diseñada para sistemas donde la prioridad es la persistencia del mando sobre el ahorro energético)",ESP - NOW: (La velocidad de comunicación es asíncrona; el sistema responde al evento en el momento exacto en que este ocurre),"Radio-Frecuencias (RF -> ppm -> PWM): Integran la electrónica, los controles y la antena en un solo bloque. El armado se limita a la conexión del receptor en el sistema de destino.","Radio-Frecuencias (RF -> ppm -> PWM): El sistema permite el uso de antenas externas de mayor envergadura, lo que facilita la captación de la señal portadora en entornos con alta dispersión atmosférica o salinidad","Radio-Frecuencias (RF -> ppm -> PWM): El control emplea hardware comercial estandarizado, diseñado para la interacción directa del usuario con mandos ergonómicos industriales.",Radio-Frecuencias (RF -> ppm -> PWM): Enlace mediante ondas de radio diseñadas para la difracción. La señal portadora permite rodear o atravesar obstáculos con menor pérdida de sincronía
ESP - NOW: 200 m a 450 m (Es más económico y ofrece latencia mínima para distancias cortas),"ESP - NOW: 80 mA a 150 mA (Corriente promedio baja, para mandos que solo transmiten ante cambios de estado o en intervalos definidos)",ESP - NOW: (La velocidad de comunicación es asíncrona; el sistema responde al evento en el momento exacto en que este ocurre),"Radio-Frecuencias (RF -> ppm -> PWM): Integran la electrónica, los controles y la antena en un solo bloque. El armado se limita a la conexión del receptor en el sistema de destino.","Radio-Frecuencias (RF -> ppm -> PWM): El sistema permite el uso de antenas externas de mayor envergadura, lo que facilita la captación de la señal portadora en entornos con alta dispersión atmosférica o salinidad",ESP - NOW: El control se basa en la implementación de software personalizado sobre una arquitectura de hardware abierta y compacta.,Radio-Frecuencias (RF -> ppm -> PWM): Enlace mediante ondas de radio diseñadas para la difracción. La señal portadora permite rodear o atravesar obstáculos con menor pérdida de sincronía
Radio-Frecuencias (RF -> ppm -> PWM): 500 m hasta 1.5 km (Tiene una potencia de transmisión y sensibilidad superior para distancias largas),"Radio-Frecuencias (RF -> ppm -> PWM): 100 mA a 300 mA (Demanda de corriente estable, diseñada para sistemas donde la prioridad es la persistencia del mando sobre el ahorro energético)",ESP - NOW: (La velocidad de comunicación es asíncrona; el sistema responde al evento en el momento exacto en que este ocurre),"Radio-Frecuencias (RF -> ppm -> PWM): Integran la electrónica, los controles y la antena en un solo bloque. El armado se limita a la conexión del receptor en el sistema de destino.","Radio-Frecuencias (RF -> ppm -> PWM): El sistema permite el uso de antenas externas de mayor envergadura, lo que facilita la captación de la señal portadora en entornos con alta dispersión atmosférica o salinidad","Radio-Frecuencias (RF -> ppm -> PWM): El control emplea hardware comercial estandarizado, diseñado para la interacción directa del usuario con mandos ergonómicos industriales.",Radio-Frecuencias (RF -> ppm -> PWM): Enlace mediante ondas de radio diseñadas para la difracción. La señal portadora permite rodear o atravesar obstáculos con menor pérdida de sincronía
ESP - NOW: 200 m a 450 m (Es más económico y ofrece latencia mínima para distancias cortas),"ESP - NOW: 80 mA a 150 mA (Corriente promedio baja, para mandos que solo transmiten ante cambios de estado o en intervalos definidos)",Radio-Frecuencias (RF -> ppm -> PWM): (La velocidad de comunicación es cíclica; la ejecución de la orden está supeditada al ritmo de repetición del protocolo de radio seleccionado.),"Radio-Frecuencias (RF -> ppm -> PWM): Integran la electrónica, los controles y la antena en un solo bloque. El armado se limita a la conexión del receptor en el sistema de destino.","Radio-Frecuencias (RF -> ppm -> PWM): El sistema permite el uso de antenas externas de mayor envergadura, lo que facilita la captación de la señal portadora en entornos con alta dispersión atmosférica o salinidad",ESP - NOW: El control se basa en la implementación de software personalizado sobre una arquitectura de hardware abierta y compacta.,Radio-Frecuencias (RF -> ppm -> PWM): Enlace mediante ondas de radio diseñadas para la difracción. La señal portadora permite rodear o atravesar obstáculos con menor pérdida de sincronía
Radio-Frecuencias (RF -> ppm -> PWM): 500 m hasta 1.5 km (Tiene una potencia de transmisión y sensibilidad superior para distancias largas),"Radio-Frecuencias (RF -> ppm -> PWM): 100 mA a 300 mA (Demanda de corriente estable, diseñada para sistemas donde la prioridad es la persistencia del mando sobre el ahorro energético)",Radio-Frecuencias (RF -> ppm -> PWM): (La velocidad de comunicación es cíclica; la ejecución de la orden está supeditada al ritmo de repetición del protocolo de radio seleccionado.),"Radio-Frecuencias (RF -> ppm -> PWM): Integran la electrónica, los controles y la antena en un solo bloque. El armado se limita a la conexión del receptor en el sistema de destino.","Radio-Frecuencias (RF -> ppm -> PWM): El sistema permite el uso de antenas externas de mayor envergadura, lo que facilita la captación de la señal portadora en entornos con alta dispersión atmosférica o salinidad","Radio-Frecuencias (RF -> ppm -> PWM): El control emplea hardware comercial estandarizado, diseñado para la interacción directa del usuario con mandos ergonómicos industriales.",Radio-Frecuencias (RF -> ppm -> PWM): Enlace mediante ondas de radio diseñadas para la difracción. La señal portadora permite rodear o atravesar obstáculos con menor pérdida de sincronía
Radio-Frecuencias (RF -> ppm -> PWM): 500 m hasta 1.5 km (Tiene una potencia de transmisión y sensibilidad superior para distancias largas),"Radio-Frecuencias (RF -> ppm -> PWM): 100 mA a 300 mA (Demanda de corriente estable, diseñada para sistemas donde la prioridad es la persistencia del mando sobre el ahorro energético)",Radio-Frecuencias (RF -> ppm -> PWM): (La velocidad de comunicación es cíclica; la ejecución de la orden está supeditada al ritmo de repetición del protocolo de radio seleccionado.),"Radio-Frecuencias (RF -> ppm -> PWM): Integran la electrónica, los controles y la antena en un solo bloque. El armado se limita a la conexión del receptor en el sistema de destino.","Radio-Frecuencias (RF -> ppm -> PWM): El sistema permite el uso de antenas externas de mayor envergadura, lo que facilita la captación de la señal portadora en entornos con alta dispersión atmosférica o salinidad","Radio-Frecuencias (RF -> ppm -> PWM): El control emplea hardware comercial estandarizado, diseñado para la interacción directa del usuario con mandos ergonómicos industriales.",Radio-Frecuencias (RF -> ppm -> PWM): Enlace mediante ondas de radio diseñadas para la difracción. La señal portadora permite rodear o atravesar obstáculos con menor pérdida de sincronía
Radio-Frecuencias (RF -> ppm -> PWM): 500 m hasta 1.5 km (Tiene una potencia de transmisión y sensibilidad superior para distancias largas),"Radio-Frecuencias (RF -> ppm -> PWM): 100 mA a 300 mA (Demanda de corriente estable, diseñada para sistemas donde la prioridad es la persistencia del mando sobre el ahorro energético)",Radio-Frecuencias (RF -> ppm -> PWM): (La velocidad de comunicación es cíclica; la ejecución de la orden está supeditada al ritmo de repetición del protocolo de radio seleccionado.),"Radio-Frecuencias (RF -> ppm -> PWM): Integran la electrónica, los controles y la antena en un solo bloque. El armado se limita a la conexión del receptor en el sistema de destino.","Radio-Frecuencias (RF -> ppm -> PWM): El sistema permite el uso de antenas externas de mayor envergadura, lo que facilita la captación de la señal portadora en entornos con alta dispersión atmosférica o salinidad","Radio-Frecuencias (RF -> ppm -> PWM): El control emplea hardware comercial estandarizado, diseñado para la interacción directa del usuario con mandos ergonómicos industriales.",Radio-Frecuencias (RF -> ppm -> PWM): Enlace mediante ondas de radio diseñadas para la difracción. La señal portadora permite rodear o atravesar obstáculos con menor pérdida de sincronía
Radio-Frecuencias (RF -> ppm -> PWM): 500 m hasta 1.5 km (Tiene una potencia de transmisión y sensibilidad superior para distancias largas),"Radio-Frecuencias (RF -> ppm -> PWM): 100 mA a 300 mA (Demanda de corriente estable, diseñada para sistemas donde la prioridad es la persistencia del mando sobre el ahorro energético)",Radio-Frecuencias (RF -> ppm -> PWM): (La velocidad de comunicación es cíclica; la ejecución de la orden está supeditada al ritmo de repetición del protocolo de radio seleccionado.),"Radio-Frecuencias (RF -> ppm -> PWM): Integran la electrónica, los controles y la antena en un solo bloque. El armado se limita a la conexión del receptor en el sistema de destino.","Radio-Frecuencias (RF -> ppm -> PWM): El sistema permite el uso de antenas externas de mayor envergadura, lo que facilita la captación de la señal portadora en entornos con alta dispersión atmosférica o salinidad","Radio-Frecuencias (RF -> ppm -> PWM): El control emplea hardware comercial estandarizado, diseñado para la interacción directa del usuario con mandos ergonómicos industriales.",Radio-Frecuencias (RF -> ppm -> PWM): Enlace mediante ondas de radio diseñadas para la difracción. La señal portadora permite rodear o atravesar obstáculos con menor pérdida de sincronía
Radio-Frecuencias (RF -> ppm -> PWM): 500 m hasta 1.5 km (Tiene una potencia de transmisión y sensibilidad superior para distancias largas),"ESP - NOW: 80 mA a 150 mA (Corriente promedio baja, para mandos que solo transmiten ante cambios de estado o en intervalos definidos)",Radio-Frecuencias (RF -> ppm -> PWM): (La velocidad de comunicación es cíclica; la ejecución de la orden está supeditada al ritmo de repetición del protocolo de radio seleccionado.),"ESP - NOW: Es necesario cablear, soldar y montar periféricos (joysticks, botones) y la fuente de alimentación sobre una placa de desarrollo","Radio-Frecuencias (RF -> ppm -> PWM): El sistema permite el uso de antenas externas de mayor envergadura, lo que facilita la captación de la señal portadora en entornos con alta dispersión atmosférica o salinidad",ESP - NOW: El control se basa en la implementación de software personalizado sobre una arquitectura de hardware abierta y compacta.,ESP - NOW: Enlace digital basado en la banda de 2.4 GHz. Requiere una trayectoria predominantemente despejada para evitar la pérdida de paquetes de datos.
Radio-Frecuencias (RF -> ppm -> PWM): 500 m hasta 1.5 km (Tiene una potencia de transmisión y sensibilidad superior para distancias largas),"ESP - NOW: 80 mA a 150 mA (Corriente promedio baja, para mandos que solo transmiten ante cambios de estado o en intervalos definidos)",ESP - NOW: (La velocidad de comunicación es asíncrona; el sistema responde al evento en el momento exacto en que este ocurre),"Radio-Frecuencias (RF -> ppm -> PWM): Integran la electrónica, los controles y la antena en un solo bloque. El armado se limita a la conexión del receptor en el sistema de destino.","Radio-Frecuencias (RF -> ppm -> PWM): El sistema permite el uso de antenas externas de mayor envergadura, lo que facilita la captación de la señal portadora en entornos con alta dispersión atmosférica o salinidad","Radio-Frecuencias (RF -> ppm -> PWM): El control emplea hardware comercial estandarizado, diseñado para la interacción directa del usuario con mandos ergonómicos industriales.",Radio-Frecuencias (RF -> ppm -> PWM): Enlace mediante ondas de radio diseñadas para la difracción. La señal portadora permite rodear o atravesar obstáculos con menor pérdida de sincronía
ESP - NOW: 200 m a 450 m (Es más económico y ofrece latencia mínima para distancias cortas),"ESP - NOW: 80 mA a 150 mA (Corriente promedio baja, para mandos que solo transmiten ante cambios de estado o en intervalos definidos)",ESP - NOW: (La velocidad de comunicación es asíncrona; el sistema responde al evento en el momento exacto en que este ocurre),"Radio-Frecuencias (RF -> ppm -> PWM): Integran la electrónica, los controles y la antena en un solo bloque. El armado se limita a la conexión del receptor en el sistema de destino.","Radio-Frecuencias (RF -> ppm -> PWM): El sistema permite el uso de antenas externas de mayor envergadura, lo que facilita la captación de la señal portadora en entornos con alta dispersión atmosférica o salinidad",ESP - NOW: El control se basa en la implementación de software personalizado sobre una arquitectura de hardware abierta y compacta.,Radio-Frecuencias (RF -> ppm -> PWM): Enlace mediante ondas de radio diseñadas para la difracción. La señal portadora permite rodear o atravesar obstáculos con menor pérdida de sincronía
Radio-Frecuencias (RF -> ppm -> PWM): 500 m hasta 1.5 km (Tiene una potencia de transmisión y sensibilidad superior para distancias largas),"Radio-Frecuencias (RF -> ppm -> PWM): 100 mA a 300 mA (Demanda de corriente estable, diseñada para sistemas donde la prioridad es la persistencia del mando sobre el ahorro energético)",Radio-Frecuencias (RF -> ppm -> PWM): (La velocidad de comunicación es cíclica; la ejecución de la orden está supeditada al ritmo de repetición del protocolo de radio seleccionado.),"Radio-Frecuencias (RF -> ppm -> PWM): Integran la electrónica, los controles y la antena en un solo bloque. El armado se limita a la conexión del receptor en el sistema de destino.","Radio-Frecuencias (RF -> ppm -> PWM): El sistema permite el uso de antenas externas de mayor envergadura, lo que facilita la captación de la señal portadora en entornos con alta dispersión atmosférica o salinidad","Radio-Frecuencias (RF -> ppm -> PWM): El control emplea hardware comercial estandarizado, diseñado para la interacción directa del usuario con mandos ergonómicos industriales.",Radio-Frecuencias (RF -> ppm -> PWM): Enlace mediante ondas de radio diseñadas para la difracción. La señal portadora permite rodear o atravesar obstáculos con menor pérdida de sincronía
Radio-Frecuencias (RF -> ppm -> PWM): 500 m hasta 1.5 km (Tiene una potencia de transmisión y sensibilidad superior para distancias largas),"Radio-Frecuencias (RF -> ppm -> PWM): 100 mA a 300 mA (Demanda de corriente estable, diseñada para sistemas donde la prioridad es la persistencia del mando sobre el ahorro energético)",Radio-Frecuencias (RF -> ppm -> PWM): (La velocidad de comunicación es cíclica; la ejecución de la orden está supeditada al ritmo de repetición del protocolo de radio seleccionado.),"Radio-Frecuencias (RF -> ppm -> PWM): Integran la electrónica, los controles y la antena en un solo bloque. El armado se limita a la conexión del receptor en el sistema de destino.","Radio-Frecuencias (RF -> ppm -> PWM): El sistema permite el uso de antenas externas de mayor envergadura, lo que facilita la captación de la señal portadora en entornos con alta dispersión atmosférica o salinidad","Radio-Frecuencias (RF -> ppm -> PWM): El control emplea hardware comercial estandarizado, diseñado para la interacción directa del usuario con mandos ergonómicos industriales.",Radio-Frecuencias (RF -> ppm -> PWM): Enlace mediante ondas de radio diseñadas para la difracción. La señal portadora permite rodear o atravesar obstáculos con menor pérdida de sincronía
Radio-Frecuencias (RF -> ppm -> PWM): 500 m hasta 1.5 km (Tiene una potencia de transmisión y sensibilidad superior para distancias largas),"Radio-Frecuencias (RF -> ppm -> PWM): 100 mA a 300 mA (Demanda de corriente estable, diseñada para sistemas donde la prioridad es la persistencia del mando sobre el ahorro energético)",Radio-Frecuencias (RF -> ppm -> PWM): (La velocidad de comunicación es cíclica; la ejecución de la orden está supeditada al ritmo de repetición del protocolo de radio seleccionado.),"Radio-Frecuencias (RF -> ppm -> PWM): Integran la electrónica, los controles y la antena en un solo bloque. El armado se limita a la conexión del receptor en el sistema de destino.","Radio-Frecuencias (RF -> ppm -> PWM): El sistema permite el uso de antenas externas de mayor envergadura, lo que facilita la captación de la señal portadora en entornos con alta dispersión atmosférica o salinidad","Radio-Frecuencias (RF -> ppm -> PWM): El control emplea hardware comercial estandarizado, diseñado para la interacción directa del usuario con mandos ergonómicos industriales.",Radio-Frecuencias (RF -> ppm -> PWM): Enlace mediante ondas de radio diseñadas para la difracción. La señal portadora permite rodear o atravesar obstáculos con menor pérdida de sincronía
Radio-Frecuencias (RF -> ppm -> PWM): 500 m hasta 1.5 km (Tiene una potencia de transmisión y sensibilidad superior para distancias largas),"Radio-Frecuencias (RF -> ppm -> PWM): 100 mA a 300 mA (Demanda de corriente estable, diseñada para sistemas donde la prioridad es la persistencia del mando sobre el ahorro energético)",Radio-Frecuencias (RF -> ppm -> PWM): (La velocidad de comunicación es cíclica; la ejecución de la orden está supeditada al ritmo de repetición del protocolo de radio seleccionado.),"Radio-Frecuencias (RF -> ppm -> PWM): Integran la electrónica, los controles y la antena en un solo bloque. El armado se limita a la conexión del receptor en el sistema de destino.","Radio-Frecuencias (RF -> ppm -> PWM): El sistema permite el uso de antenas externas de mayor envergadura, lo que facilita la captación de la señal portadora en entornos con alta dispersión atmosférica o salinidad","Radio-Frecuencias (RF -> ppm -> PWM): El control emplea hardware comercial estandarizado, diseñado para la interacción directa del usuario con mandos ergonómicos industriales.",Radio-Frecuencias (RF -> ppm -> PWM): Enlace mediante ondas de radio diseñadas para la difracción. La señal portadora permite rodear o atravesar obstáculos con menor pérdida de sincronía
Radio-Frecuencias (RF -> ppm -> PWM): 500 m hasta 1.5 km (Tiene una potencia de transmisión y sensibilidad superior para distancias largas),"Radio-Frecuencias (RF -> ppm -> PWM): 100 mA a 300 mA (Demanda de corriente estable, diseñada para sistemas donde la prioridad es la persistencia del mando sobre el ahorro energético)",Radio-Frecuencias (RF -> ppm -> PWM): (La velocidad de comunicación es cíclica; la ejecución de la orden está supeditada al ritmo de repetición del protocolo de radio seleccionado.),"Radio-Frecuencias (RF -> ppm -> PWM): Integran la electrónica, los controles y la antena en un solo bloque. El armado se limita a la conexión del receptor en el sistema de destino.","Radio-Frecuencias (RF -> ppm -> PWM): El sistema permite el uso de antenas externas de mayor envergadura, lo que facilita la captación de la señal portadora en entornos con alta dispersión atmosférica o salinidad","Radio-Frecuencias (RF -> ppm -> PWM): El control emplea hardware comercial estandarizado, diseñado para la interacción directa del usuario con mandos ergonómicos industriales.",Radio-Frecuencias (RF -> ppm -> PWM): Enlace mediante ondas de radio diseñadas para la difracción. La señal portadora permite rodear o atravesar obstáculos con menor pérdida de sincronía
Radio-Frecuencias (RF -> ppm -> PWM): 500 m hasta 1.5 km (Tiene una potencia de transmisión y sensibilidad superior para distancias largas),"Radio-Frecuencias (RF -> ppm -> PWM): 100 mA a 300 mA (Demanda de corriente estable, diseñada para sistemas donde la prioridad es la persistencia del mando sobre el ahorro energético)",Radio-Frecuencias (RF -> ppm -> PWM): (La velocidad de comunicación es cíclica; la ejecución de la orden está supeditada al ritmo de repetición del protocolo de radio seleccionado.),"Radio-Frecuencias (RF -> ppm -> PWM): Integran la electrónica, los controles y la antena en un solo bloque. El armado se limita a la conexión del receptor en el sistema de destino.","Radio-Frecuencias (RF -> ppm -> PWM): El sistema permite el uso de antenas externas de mayor envergadura, lo que facilita la captación de la señal portadora en entornos con alta dispersión atmosférica o salinidad","Radio-Frecuencias (RF -> ppm -> PWM): El control emplea hardware comercial estandarizado, diseñado para la interacción directa del usuario con mandos ergonómicos industriales.",Radio-Frecuencias (RF -> ppm -> PWM): Enlace mediante ondas de radio diseñadas para la difracción. La señal portadora permite rodear o atravesar obstáculos con menor pérdida de sincronía
Radio-Frecuencias (RF -> ppm -> PWM): 500 m hasta 1.5 km (Tiene una potencia de transmisión y sensibilidad superior para distancias largas),"Radio-Frecuencias (RF -> ppm -> PWM): 100 mA a 300 mA (Demanda de corriente estable, diseñada para sistemas donde la prioridad es la persistencia del mando sobre el ahorro energético)",Radio-Frecuencias (RF -> ppm -> PWM): (La velocidad de comunicación es cíclica; la ejecución de la orden está supeditada al ritmo de repetición del protocolo de radio seleccionado.),"Radio-Frecuencias (RF -> ppm -> PWM): Integran la electrónica, los controles y la antena en un solo bloque. El armado se limita a la conexión del receptor en el sistema de destino.","Radio-Frecuencias (RF -> ppm -> PWM): El sistema permite el uso de antenas externas de mayor envergadura, lo que facilita la captación de la señal portadora en entornos con alta dispersión atmosférica o salinidad","Radio-Frecuencias (RF -> ppm -> PWM): El control emplea hardware comercial estandarizado, diseñado para la interacción directa del usuario con mandos ergonómicos industriales.",Radio-Frecuencias (RF -> ppm -> PWM): Enlace mediante ondas de radio diseñadas para la difracción. La señal portadora permite rodear o atravesar obstáculos con menor pérdida de sincronía
ESP - NOW: 200 m a 450 m (Es más económico y ofrece latencia mínima para distancias cortas),"ESP - NOW: 80 mA a 150 mA (Corriente promedio baja, para mandos que solo transmiten ante cambios de estado o en intervalos definidos)",ESP - NOW: (La velocidad de comunicación es asíncrona; el sistema responde al evento en el momento exacto en que este ocurre),"Radio-Frecuencias (RF -> ppm -> PWM): Integran la electrónica, los controles y la antena en un solo bloque. El armado se limita a la conexión del receptor en el sistema de destino.","Radio-Frecuencias (RF -> ppm -> PWM): El sistema permite el uso de antenas externas de mayor envergadura, lo que facilita la captación de la señal portadora en entornos con alta dispersión atmosférica o salinidad","Radio-Frecuencias (RF -> ppm -> PWM): El control emplea hardware comercial estandarizado, diseñado para la interacción directa del usuario con mandos ergonómicos industriales.",Radio-Frecuencias (RF -> ppm -> PWM): Enlace mediante ondas de radio diseñadas para la difracción. La señal portadora permite rodear o atravesar obstáculos con menor pérdida de sincronía
Radio-Frecuencias (RF -> ppm -> PWM): 500 m hasta 1.5 km (Tiene una potencia de transmisión y sensibilidad superior para distancias largas),"ESP - NOW: 80 mA a 150 mA (Corriente promedio baja, para mandos que solo transmiten ante cambios de estado o en intervalos definidos)",Radio-Frecuencias (RF -> ppm -> PWM): (La velocidad de comunicación es cíclica; la ejecución de la orden está supeditada al ritmo de repetición del protocolo de radio seleccionado.),"Radio-Frecuencias (RF -> ppm -> PWM): Integran la electrónica, los controles y la antena en un solo bloque. El armado se limita a la conexión del receptor en el sistema de destino.","Radio-Frecuencias (RF -> ppm -> PWM): El sistema permite el uso de antenas externas de mayor envergadura, lo que facilita la captación de la señal portadora en entornos con alta dispersión atmosférica o salinidad","Radio-Frecuencias (RF -> ppm -> PWM): El control emplea hardware comercial estandarizado, diseñado para la interacción directa del usuario con mandos ergonómicos industriales.",Radio-Frecuencias (RF -> ppm -> PWM): Enlace mediante ondas de radio diseñadas para la difracción. La señal portadora permite rodear o atravesar obstáculos con menor pérdida de sincronía
Radio-Frecuencias (RF -> ppm -> PWM): 500 m hasta 1.5 km (Tiene una potencia de transmisión y sensibilidad superior para distancias largas),"Radio-Frecuencias (RF -> ppm -> PWM): 100 mA a 300 mA (Demanda de corriente estable, diseñada para sistemas donde la prioridad es la persistencia del mando sobre el ahorro energético)",ESP - NOW: (La velocidad de comunicación es asíncrona; el sistema responde al evento en el momento exacto en que este ocurre),"Radio-Frecuencias (RF -> ppm -> PWM): Integran la electrónica, los controles y la antena en un solo bloque. El armado se limita a la conexión del receptor en el sistema de destino.","Radio-Frecuencias (RF -> ppm -> PWM): El sistema permite el uso de antenas externas de mayor envergadura, lo que facilita la captación de la señal portadora en entornos con alta dispersión atmosférica o salinidad",ESP - NOW: El control se basa en la implementación de software personalizado sobre una arquitectura de hardware abierta y compacta.,Radio-Frecuencias (RF -> ppm -> PWM): Enlace mediante ondas de radio diseñadas para la difracción. La señal portadora permite rodear o atravesar obstáculos con menor pérdida de sincronía
Radio-Frecuencias (RF -> ppm -> PWM): 500 m hasta 1.5 km (Tiene una potencia de transmisión y sensibilidad superior para distancias largas),"Radio-Frecuencias (RF -> ppm -> PWM): 100 mA a 300 mA (Demanda de corriente estable, diseñada para sistemas donde la prioridad es la persistencia del mando sobre el ahorro energético)",ESP - NOW: (La velocidad de comunicación es asíncrona; el sistema responde al evento en el momento exacto en que este ocurre),"Radio-Frecuencias (RF -> ppm -> PWM): Integran la electrónica, los controles y la antena en un solo bloque. El armado se limita a la conexión del receptor en el sistema de destino.","Radio-Frecuencias (RF -> ppm -> PWM): El sistema permite el uso de antenas externas de mayor envergadura, lo que facilita la captación de la señal portadora en entornos con alta dispersión atmosférica o salinidad","Radio-Frecuencias (RF -> ppm -> PWM): El control emplea hardware comercial estandarizado, diseñado para la interacción directa del usuario con mandos ergonómicos industriales.",Radio-Frecuencias (RF -> ppm -> PWM): Enlace mediante ondas de radio diseñadas para la difracción. La señal portadora permite rodear o atravesar obstáculos con menor pérdida de sincronía
